listing id,user id,listing latitude,listing longitude,user listing count,is superhost?,user declared location
1002052,652744,52.354857051262385,4.911379453389777,1,false,"Amsterdam, Netherlands"
10027669,33738513,52.34767816618098,4.915402176934767,2,false,"Amsterdam, Netherlands"
10028049,2556633,52.35755596708374,4.908242905834239,1,false,"Innsbruck, Austria"
10052457,4301272,52.37239249649563,4.897606402064683,1,true,"Amsterdam, Netherlands"
1005695,5530981,52.35827346571881,4.908607773100902,1,false,"Amsterdam, Netherlands"
10094347,3856517,52.37107221847521,4.898582929554004,2,false,"Amsterdam, Netherlands"
10094980,4056090,52.36934766401474,4.8991940066686706,1,true,"Amsterdam, Netherlands"
10095510,51806249,52.35890047896578,4.90810274362556,1,false,"Amsterdam, Netherlands"
10096971,18583875,52.361174613244685,4.904314024294774,1,false,
10104614,3680046,52.35845681644739,4.90729055825425,2,false,"Amsterdam, Netherlands"
10120059,3899684,52.37230606582405,4.898495355749115,11,false,"Amsterdam, Netherlands"
10121696,16207886,52.35884514900462,4.912593744747949,1,false,
10131998,22504763,52.363399059602145,4.905450741182756,4,true,"Amsterdam, Netherlands"
10097522,34626956,52.37169013500897,4.89787124684002,0,false,"Amsterdam, Netherlands"
10170311,12020190,52.36937986081875,4.9037228774843085,1,false,"Amsterdam, Netherlands"
10181220,23732319,52.34618695467157,4.912143011866081,1,false,"Amsterdam, Netherlands"
10221568,52524076,52.357891261709476,4.908365806733421,0,false,
10243163,7002898,52.350861871810764,4.912136050313337,64,false,"Amsterdam, Netherlands"
10251232,877945,52.358343661868176,4.90747876950639,2,false,"Amsterdam, Netherlands"
10238838,52621846,52.3579547041932,4.906011088535191,1,false,
10237518,40848145,52.3583904397396,4.91330812292521,12,false,"Amsterdam, Netherlands"
1025838,5647814,52.35280560267276,4.918823233217062,2,false,"Amsterdam, Netherlands"
10276464,40764795,52.36151497646274,4.91092323481969,1,false,"Amsterdam, Netherlands"
10322678,3854106,52.36919645658107,4.903986501500495,2,false,"Ouderkerk aan de Amstel, Netherlands"
10320950,3518386,52.35703598259818,4.909891283651533,3,false,"Amsterdam, Netherlands"
10328570,25008098,52.36466428222072,4.9003526215830515,1,false,"Amsterdam, Netherlands"
10323432,1980888,52.366694432079086,4.9042951410541695,0,false,"Amsterdam, Netherlands"
10332771,23666068,52.35835659209342,4.909064997788002,1,false,"Amsterdam, Netherlands"
10335706,23797298,52.358425719143675,4.9095052360073295,1,false,"Amsterdam, Netherlands"
1035528,5700200,52.362296788187045,4.904921021331772,1,false,"Amsterdam, Netherlands"
10400021,10844398,52.35581177498474,4.907186686066415,1,false,"Amsterdam, Netherlands"
10376744,1266717,52.37008875475001,4.899171418805501,44,false,"Amsterdam, Netherlands"
10421852,1266717,52.34902572871988,4.9127638803787494,44,false,"Amsterdam, Netherlands"
10444017,41069310,52.37011965776891,4.905835407115006,2,false,"Amsterdam, Netherlands"
10446576,38928419,52.358647463562875,4.908649238186792,1,false,"Amsterdam, Netherlands"
10446937,22504763,52.36187075783848,4.907404177677814,4,true,"Amsterdam, Netherlands"
1045038,3117904,52.36939206770382,4.905196822012784,2,false,"Amsterdam, Netherlands"
10489627,54072606,52.371477577366434,4.901715818601941,1,false,"Amsterdam, Netherlands"
10506043,54168320,52.373343171122734,4.901969333276957,1,false,"Amsterdam, Netherlands"
10531541,1464510,52.36932781622466,4.902063889530241,107,false,"Amsterdam, Netherlands"
10622705,54827669,52.35304595982158,4.907460206875959,3,false,"Amsterdam, Netherlands"
10623108,54829820,52.35852858018094,4.907774159506681,1,false,"Amsterdam, Netherlands"
10625704,4321923,52.3570124383784,4.907781954949245,1,false,"Amsterdam, Netherlands"
10640924,2028878,52.37250865059551,4.8987699824178375,10,false,"Amsterdam, Netherlands"
10664946,5649261,52.36240331497631,4.911159141230257,1,false,"Amsterdam, Netherlands"
10701389,55288823,52.36402386444491,4.903912799056858,1,false,"Amsterdam, Netherlands"
1073117,5346424,52.36966621776701,4.897765651736063,1,false,"Amsterdam, Netherlands"
1071414,5893654,52.35843144666257,4.907640893149136,1,false,"Amsterdam, Netherlands"
10760112,20654315,52.37342973891996,4.899727470464147,2,false,"Amsterdam, Netherlands"
10777594,10970863,52.36333521588772,4.907188852744098,1,false,
10777711,6406027,52.35920431672678,4.912681390753932,2,false,"Amsterdam, Netherlands"
10783469,52798293,52.35582155180151,4.90807383109794,1,false,"Amsterdam, Netherlands"
1079499,5937460,52.35458776928744,4.908418668276321,1,false,"Amsterdam, Netherlands"
10795955,29254039,52.35000558602202,4.913638030306595,1,false,"Amsterdam, Netherlands"
10800247,55895809,52.35220121713178,4.913534119491561,1,false,
10805235,16562274,52.35537161327082,4.907522662098218,1,false,"Amsterdam, Netherlands"
10806420,877945,52.35787169974249,4.90635133590389,2,false,"Amsterdam, Netherlands"
10849177,56190762,52.35096110296864,4.91910243164781,1,false,
10881355,34229263,52.350333422421606,4.919590686873192,0,false,"Manila, Philippines"
10894967,11387533,52.353443327641784,4.909581216223935,1,false,"Amsterdam, Netherlands"
10952667,1765426,52.37104853276088,4.899635685953082,1,false,"Arganil Municipality, Portugal"
10979482,12856622,52.36101706473995,4.910561086748042,23,false,"Amsterdam, Netherlands"
11007678,3546451,52.36221471631916,4.909051958307662,1,false,"Amsterdam, Netherlands"
1102846,6057160,52.36411827233481,4.9038599754644805,1,false,"Amsterdam, Netherlands"
11032598,6999042,52.368341073110436,4.897863337363814,133,false,"Amsterdam, Netherlands"
11034681,6999042,52.367794440255075,4.8990659686082525,133,false,"Amsterdam, Netherlands"
11119633,57764929,52.35822423125345,4.9129914640965495,0,false,"Amsterdam, Netherlands"
11164669,5794799,52.35693896061487,4.907189495583341,1,false,"Amsterdam, Netherlands"
11200688,52628715,52.36427803106254,4.900554831254454,6,false,"Amsterdam, Netherlands"
11182981,6361514,52.363304926996925,4.906960493334562,1,false,"Utrecht, Netherlands"
11202194,52628715,52.36354346045103,4.90042135267854,6,false,"Amsterdam, Netherlands"
11221414,58467931,52.361721141778425,4.909490530494361,1,false,
11218209,1464510,52.34572126726792,4.920280193052012,107,false,"Amsterdam, Netherlands"
11267106,4630778,52.35542232480872,4.911597328691864,1,false,"Amsterdam, Netherlands"
11313099,16944484,52.350333878659136,4.914007766448702,1,false,"Amsterdam, Netherlands"
11354028,49467463,52.365110101674105,4.906056908834017,1,false,"Amsterdam, Netherlands"
11366315,12528721,52.34810908657579,4.92262763828718,1,false,"Amsterdam, Netherlands"
11347289,22023969,52.35146792937794,4.90999029083083,1,false,"Amsterdam, Netherlands"
11471439,22011975,52.372185776137016,4.900321810191373,1,false,"Amsterdam, Netherlands"
11407158,59883870,52.362252715554824,4.90952641010495,1,false,
11403250,23979120,52.34510127351089,4.912086694654557,1,false,"Amsterdam, Netherlands"
11482308,9905611,52.352153750620054,4.911609831670219,1,false,"Amsterdam, Netherlands"
11559431,11701759,52.366954355167245,4.902359685073612,2,true,"Amsterdam, Netherlands"
11486018,8899006,52.35418695014952,4.911611078543207,1,false,"Amsterdam, Netherlands"
11578645,61208652,52.36914446931784,4.8978848483502,1,false,"Amsterdam, Netherlands"
11589690,61296014,52.354954353320785,4.908938522427979,1,false,Netherlands
11645626,61756546,52.360434759789186,4.90328391773289,1,false,"Amsterdam, Netherlands"
11655810,10245460,52.352523446086366,4.916979085892789,2,false,"Amsterdam, Netherlands"
11659697,61850544,52.3698597030998,4.904750550810671,1,false,"Amsterdam, Netherlands"
11667001,788073,52.37209772774842,4.899886259817242,4,false,"Amsterdam, Netherlands"
11667092,61936288,52.36768241202413,4.897658050048682,1,false,
11672179,50106152,52.35260582704362,4.910823633363523,1,false,"Amsterdam, Netherlands"
11682547,20395675,52.368662977238735,4.897859921947673,8,true,"Amsterdam, Netherlands"
11676865,10245460,52.353759607840175,4.9155549052206275,2,false,"Amsterdam, Netherlands"
1170370,6407677,52.36969785547627,4.9047983451607795,1,true,"Amsterdam, Netherlands"
11731509,40771227,52.362031814240105,4.910504559994547,1,false,"Amsterdam, Netherlands"
11724781,2077724,52.352203620568204,4.920151153711644,1,false,"Amsterdam, Netherlands"
11764972,62619408,52.35252705531671,4.918827078728242,1,false,
11746787,18714681,52.372558581162636,4.900276022316167,11,false,Gibraltar
1182656,6469558,52.3594704247476,4.912186416204269,1,false,"Amsterdam, Netherlands"
11839201,59307704,52.3726823571551,4.900217391577457,0,false,"Amsterdam, Netherlands"
11882378,50904502,52.35121761938823,4.914388787134347,1,false,"Amsterdam, Netherlands"
11838383,7002898,52.3567278064211,4.909185780066481,64,false,"Amsterdam, Netherlands"
11858306,16455188,52.35351062467069,4.915493851347206,1,false,"Amsterdam, Netherlands"
11890386,24162512,52.363565501912895,4.901478479962149,1,false,"Amsterdam, Netherlands"
11896800,54827669,52.35293240438875,4.907024532023723,3,false,"Amsterdam, Netherlands"
11902622,63485487,52.36939979728176,4.900482260453472,1,false,
11907868,3399485,52.35640442126305,4.909483919067151,1,false,"Amsterdam, Netherlands"
11923077,25299906,52.35068502398587,4.917080539976927,1,false,"Amsterdam, Netherlands"
11935509,41042925,52.371034347196684,4.901116372848443,10,false,"Florence, Italy"
11913494,6999042,52.37363710135083,4.89870815486865,133,false,"Amsterdam, Netherlands"
11957307,63863241,52.37037290153874,4.899213076831984,1,false,"Amsterdam, Netherlands"
11966081,63916400,52.35232174803371,4.9169008946264405,1,false,"Amsterdam, Netherlands"
11975841,6406027,52.357136673856736,4.911658203634164,2,false,"Amsterdam, Netherlands"
12013103,64263730,52.36152038226174,4.905935396993444,1,false,"Amsterdam, Netherlands"
12013939,64269622,52.35757937625049,4.907928254467777,1,false,"Amsterdam, Netherlands"
12037581,52628715,52.36506310405779,4.900226429343695,6,false,"Amsterdam, Netherlands"
12038171,606949,52.36333149083263,4.904143341105685,1,false,"Amsterdam, Netherlands"
12087805,1740785,52.35563331900953,4.908439286535284,2,true,"Amsterdam, Netherlands"
12097118,64856738,52.360057730117894,4.908412948209943,1,false,"Amsterdam, Netherlands"
12099302,64739713,52.34944889942768,4.914063780430643,1,false,"Amsterdam, Netherlands"
12109382,64938833,52.35666529452401,4.908334023939604,1,false,"Amsterdam, Netherlands"
12127085,669178,52.35241992488711,4.919258014825654,169,false,"Amsterdam, Netherlands"
12129127,57243420,52.356950325009436,4.911761866357503,1,false,"Amsterdam, Netherlands"
12161893,65319532,52.35815508327848,4.906723219028478,1,false,"Amsterdam, Netherlands"
12217767,2646912,52.37293274942825,4.90243235661634,1,false,"Paris, France"
12206609,53943730,52.37359073502332,4.898375689859866,3,false,
1224580,6680305,52.350368834844105,4.914812125129868,1,false,"Amsterdam, Netherlands"
12227158,13146838,52.35359433855783,4.90650680806678,1,false,"Amsterdam, Netherlands"
12256009,65995891,52.3502211335672,4.9131999231729635,1,false,"Amsterdam, Netherlands"
12274325,17885095,52.37165079181587,4.901609422723861,1,false,"Brussels, Belgium"
12279014,66160250,52.35597917969129,4.910053437899572,1,false,"Utrecht, Netherlands"
12261603,66031465,52.345225846951436,4.912393470602565,1,false,"Amsterdam, Netherlands"
12288908,66221523,52.361852115961234,4.909747692060574,1,false,"Amsterdam, Netherlands"
12296977,3040326,52.35040719204588,4.914567552210321,1,false,"Amsterdam, Netherlands"
12298826,41837367,52.35082730114003,4.914802113508229,1,false,"Amsterdam, Netherlands"
12308538,2444422,52.364454134521644,4.902241053959581,6,false,"Amsterdam, Netherlands"
12314097,66418880,52.35410372405612,4.909973251905839,1,false,"Amsterdam, Netherlands"
12330631,2941833,52.35876190426469,4.9099409362091935,1,false,"Amsterdam, Netherlands"
1233749,329249,52.373814381577716,4.898703494125715,9,false,"Amsterdam, Netherlands"
1233809,329249,52.37356026041141,4.89938082635734,9,false,"Amsterdam, Netherlands"
1233879,329249,52.37232115490645,4.89878613558296,9,false,"Amsterdam, Netherlands"
12347938,1962530,52.35253484146151,4.918475268808326,1,false,"Amsterdam, Netherlands"
12364064,7515802,52.35175480681679,4.911129383223487,1,false,"Amsterdam, Netherlands"
12383197,16425042,52.34459488507908,4.916672892556175,3,false,"Amsterdam, Netherlands"
1238420,329249,52.37189231851252,4.897666335911239,9,false,"Amsterdam, Netherlands"
12388166,30445609,52.3714930403906,4.898219502102739,2,false,
12397892,6907479,52.36172471086765,4.906923537369456,1,false,"Amsterdam, Netherlands"
12415770,16425042,52.343148537442474,4.917003296680608,3,false,"Amsterdam, Netherlands"
12427608,67220240,52.36143555686117,4.909648135392141,1,false,"Amsterdam, Netherlands"
12503509,55011454,52.35412602510992,4.907602318352119,1,false,"Amsterdam, Netherlands"
12505071,669178,52.36156220786988,4.906536232394366,169,false,"Amsterdam, Netherlands"
12514682,67777772,52.36482865417942,4.907300060219594,1,false,"Amsterdam, Netherlands"
12559268,6399322,52.36344429206117,4.907905815114717,2,false,"Amsterdam, Netherlands"
12579382,59323914,52.361668759100354,4.910744627290478,1,false,Netherlands
12582071,67005410,52.37340662058686,4.900022072490467,14,false,"Amsterdam, Netherlands"
12563519,68103238,52.34976134819445,4.913542277211549,1,false,"Amsterdam, Netherlands"
12597204,68348715,52.37220557628088,4.900818157602579,3,false,
12597740,68348715,52.372811155508685,4.900927824423465,3,false,
12598553,17152895,52.36407828276063,4.908157700360313,1,false,"Aachen, Germany"
12660314,68785726,52.35223292800637,4.917712514662844,0,false,
12661184,11498952,52.37382512076191,4.900488859634248,1,false,"Amsterdam, Netherlands"
12662149,33738513,52.34988705016516,4.91798386610295,2,false,"Amsterdam, Netherlands"
12665344,68812028,52.36724867285509,4.901879088669464,1,false,"Amsterdam, Netherlands"
12675634,5299246,52.35669402433382,4.907155216841307,1,false,"Amsterdam, Netherlands"
12691508,44858068,52.36155600394701,4.911516759107129,1,false,"Amsterdam, Netherlands"
12688355,7002898,52.36467529014612,4.907559579504595,64,false,"Amsterdam, Netherlands"
12704243,10726948,52.349265544994836,4.913693430030976,8,false,"Amsterdam, Netherlands"
12679111,30598726,52.36185921532258,4.9098063118878,1,false,"Groningen, Netherlands"
12705077,10726948,52.34938799015588,4.912548742339763,8,false,"Amsterdam, Netherlands"
12709714,329249,52.36931478286206,4.8981408659019,9,false,"Amsterdam, Netherlands"
12727489,329249,52.372930589117104,4.89923733400341,9,false,"Amsterdam, Netherlands"
12748366,669178,52.35901325455723,4.913529541490425,169,false,"Amsterdam, Netherlands"
12769064,12856622,52.362058310468136,4.909689062699142,23,false,"Amsterdam, Netherlands"
12769379,12856622,52.36266808383327,4.911460091091891,23,false,"Amsterdam, Netherlands"
12809582,11442066,52.371249964322246,4.897598724916716,1,false,"Amsterdam, Netherlands"
12769577,12856622,52.361065840817076,4.9095539586784875,23,false,"Amsterdam, Netherlands"
12823570,6999042,52.372772747223465,4.897598099967331,133,false,"Amsterdam, Netherlands"
12826932,34020601,52.35709595888046,4.907536219159025,1,false,"Amsterdam, Netherlands"
12848889,70182844,52.373391836920405,4.902443949903085,2,false,"Amsterdam, Netherlands"
12843458,70135832,52.34608241509859,4.914490028448415,1,false,"Amsterdam, Netherlands"
12850293,70182844,52.37140570926866,4.902242641086271,2,false,"Amsterdam, Netherlands"
12865308,9387680,52.373753837145216,4.898403203787423,2,false,"Maastricht, Netherlands"
12865495,67005410,52.373396255312585,4.898427175497614,14,false,"Amsterdam, Netherlands"
12879452,30157132,52.36311894258253,4.911115879222482,1,false,"Amsterdam, Netherlands"
12885945,9387680,52.37358939810374,4.897282517510444,2,false,"Maastricht, Netherlands"
12885546,65918579,52.35740444590325,4.911257405498004,1,false,"Amsterdam, Netherlands"
12898673,67005410,52.37334636859976,4.898343840015525,14,false,"Amsterdam, Netherlands"
12902352,70683211,52.3549803439133,4.907750006554026,1,false,"Amsterdam, Netherlands"
12908664,70752441,52.36393862172039,4.905375752769653,1,false,"Amsterdam, Netherlands"
12910752,16229447,52.35362473766419,4.913146140241182,1,false,"Amsterdam, Netherlands"
12912150,68348715,52.37216774024062,4.89978922152854,3,false,
12936438,71050000,52.35572868150923,4.911066191815215,1,false,"Amsterdam, Netherlands"
12949094,2724950,52.357730299711136,4.9096507146288735,1,false,"Amsterdam, Netherlands"
12965393,71300857,52.365897909238555,4.907513893413415,0,false,"Amsterdam, Netherlands"
12986491,4403449,52.35716997781315,4.9081539197307755,1,false,"Amsterdam, Netherlands"
13021524,3254440,52.35710408315736,4.911731129093362,1,false,"Amsterdam, Netherlands"
1302947,6943945,52.37325591792612,4.8973372645438555,1,false,"Amsterdam, Netherlands"
13039822,2019675,52.35381401313758,4.914569630629759,2,false,Netherlands
13050595,1266717,52.362287391078034,4.911368291698751,44,false,"Amsterdam, Netherlands"
13072410,28670581,52.34994874661904,4.912196085010514,1,false,"Amsterdam, Netherlands"
13053350,517215,52.370703493768545,4.897673204169312,80,false,"Amsterdam, Netherlands"
13075791,60040353,52.34945388164981,4.918242390989969,0,false,"Amsterdam, Netherlands"
13086175,67005410,52.37326076044053,4.898611928682372,14,false,"Amsterdam, Netherlands"
13092978,67005410,52.37354714289977,4.898366141078012,14,false,"Amsterdam, Netherlands"
13103861,72822537,52.363497472021024,4.905659817122146,1,false,
13106724,669178,52.362202297506386,4.909793468194877,169,false,"Amsterdam, Netherlands"
13111429,6999042,52.35548388213272,4.910690376144915,133,false,"Amsterdam, Netherlands"
13112686,64280872,52.362290742204635,4.909879762689918,1,false,Netherlands
13114027,38343245,52.36208197559171,4.904003530348131,1,false,"Amsterdam, Netherlands"
13124217,4256945,52.35595869474702,4.9129256686425755,0,false,"Amsterdam, Netherlands"
13119328,72991975,52.36454934456746,4.907313744288243,1,false,"Landsmeer, Netherlands"
1313087,3117904,52.36913688690669,4.903716177322455,2,false,"Amsterdam, Netherlands"
13131480,73135662,52.37139063843428,4.9019747196584085,1,false,
13147774,41902443,52.345455904655935,4.914839540204328,1,false,"Amsterdam, Netherlands"
13134714,73169850,52.35091018969619,4.913420798914904,1,false,"Amsterdam, Netherlands"
13149439,61270114,52.35958548608844,4.914162064179049,1,false,"Amsterdam, Netherlands"
13149885,7407134,52.35758681638209,4.9128877750211295,1,false,"Amsterdam, Netherlands"
13162309,39365891,52.370880334492135,4.899925075512029,2,false,"Uitdam, Netherlands"
13163687,73516219,52.372866054729826,4.902951030855554,1,false,"Amsterdam, Netherlands"
13186772,7562907,52.37360643944245,4.899327186511102,0,false,"Amsterdam, Netherlands"
13205884,45897092,52.37078774888548,4.9002314729285805,5,false,"Amsterdam, Netherlands"
13220783,15971457,52.353931753514786,4.909703841473414,1,false,"Amsterdam, Netherlands"
13201684,18935636,52.36188681508452,4.907725936555882,1,false,"London, United Kingdom"
13223622,22944145,52.36508998742478,4.904258142372867,5,false,"Amsterdam, Netherlands"
13255105,46691672,52.3575578219743,4.907794809718266,18,true,"Amsterdam, Netherlands"
13232468,20395675,52.367821058107076,4.897406200345285,8,true,"Amsterdam, Netherlands"
13268455,40848145,52.372192444003204,4.902338659531867,12,false,"Amsterdam, Netherlands"
13270111,16425042,52.34449692447243,4.915570828376282,3,false,"Amsterdam, Netherlands"
13301542,26809870,52.36835100086488,4.897641734367831,1,false,"Amsterdam, Netherlands"
13270346,5692062,52.373123874264,4.900905942203983,2,false,"Amsterdam, Netherlands"
13295511,15260869,52.36133783108093,4.908464524409318,1,false,"Amsterdam, Netherlands"
13296943,75064392,52.365273310766206,4.901425302114936,1,false,
13314493,75257064,52.36436708797492,4.90744572298008,1,false,"Amsterdam, Netherlands"
13323973,75365429,52.37021885383571,4.904299155059953,1,false,"Amsterdam, Netherlands"
13329812,7545304,52.35987604460492,4.91090423225797,1,false,"Nijmegen, Netherlands"
13331165,19882002,52.363931629679506,4.906677751001088,1,false,"Amsterdam, Netherlands"
13365836,22944145,52.36433125001531,4.906446066755672,5,false,"Amsterdam, Netherlands"
13367237,44752484,52.349013577381264,4.920128542830443,0,false,"Gatineau, Canada"
1336218,7245982,52.36474753381187,4.903999292241079,1,false,"Amsterdam, Netherlands"
13383765,48703385,52.3573402059361,4.911785754582742,85,false,"Amsterdam, Netherlands"
13385603,36923010,52.35628944400068,4.910769780469849,1,false,"Amsterdam, Netherlands"
1338745,7259476,52.35885268576473,4.912091418625355,1,true,"New York, NY"
13388550,76129582,52.35409351206423,4.909709499316237,1,false,
13404746,71317798,52.35571331638898,4.913749698930118,0,false,"Amsterdam, Netherlands"
13447228,22944145,52.36464963408359,4.906261585372655,5,false,"Amsterdam, Netherlands"
13404830,11435777,52.36985602371756,4.90173902048343,1,false,"Amsterdam, Netherlands"
13422331,53766780,52.3706207634945,4.899213974550013,0,false,"Amsterdam, Netherlands"
13457636,187728,52.36231912354472,4.905018181218159,8,false,"Amsterdam, Netherlands"
13471013,77061914,52.35923302794049,4.911434950490555,1,false,"Amsterdam, Netherlands"
13465839,75771993,52.36579707289365,4.905806868908642,1,false,
13501095,50884469,52.364797326567675,4.908598284647248,1,false,"Amsterdam, Netherlands"
13486079,55903186,52.373797358119916,4.897627791875214,0,false,"Tegucigalpa, Honduras"
13476691,10766682,52.352407947716614,4.912502095784568,1,false,"Amsterdam, Netherlands"
13503050,7002898,52.353389997029026,4.911118782996365,64,false,"Amsterdam, Netherlands"
1354077,6701188,52.370248903005866,4.903875690878691,1,false,"Amsterdam, Netherlands"
1396297,3477283,52.36180498518298,4.90871692575595,2,false,"Amsterdam, Netherlands"
1397317,7547999,52.35771179617606,4.906761171915755,1,false,"Amsterdam, Netherlands"
1403382,7420463,52.36314269736804,4.905926631289608,1,false,"Amsterdam, Netherlands"
1463449,5739589,52.361119417951734,4.904833607145624,1,true,"Amsterdam, Netherlands"
1482998,7934022,52.36328294691259,4.907867893234624,1,false,"Amsterdam, Netherlands"
1501469,8022753,52.36967038485665,4.900045390612524,1,false,"Amsterdam, Netherlands"
1512989,8079643,52.35354518435749,4.9061234089448575,1,false,"Amsterdam, Netherlands"
1513251,970402,52.36358574103992,4.905894623916838,1,false,"Amsterdam, Netherlands"
1523283,3051822,52.36772155458527,4.902781439434512,1,false,"Amsterdam, Netherlands"
1614833,2998282,52.35342526177746,4.913923057040948,1,false,"Amsterdam, Netherlands"
1544866,8154958,52.36551720970771,4.907824949645002,1,true,"Amsterdam, Netherlands"
1560179,6332009,52.351764786075684,4.912337613783736,1,false,"Amsterdam, Netherlands"
1620658,5004150,52.350654164591475,4.913489630497977,1,false,"Amsterdam, Netherlands"
1621222,8623631,52.360634979627626,4.906483170674907,1,false,"Amsterdam, Netherlands"
1636415,1801901,52.35190949088567,4.918192981970711,1,false,"Amsterdam, Netherlands"
1643790,8724706,52.35839651847823,4.906161351417448,1,false,"Amsterdam, Netherlands"
1650676,8680049,52.35698535192694,4.909966105387486,1,false,"Amsterdam, Netherlands"
1726520,9099034,52.36280319746984,4.904194505402792,1,false,"Amsterdam, Netherlands"
1744656,9183596,52.35361728762795,4.910853318766423,1,false,"Amsterdam, Netherlands"
1729960,9115172,52.37117226898974,4.900137795248029,1,false,"Amsterdam, Netherlands"
1776018,4301682,52.35772319346654,4.906555829216468,1,false,"Amsterdam, Netherlands"
1787934,9367465,52.3511154737206,4.91561799474132,1,false,"Amsterdam, Netherlands"
1797322,4049891,52.35812271307515,4.909109092431762,1,false,"Amsterdam, Netherlands"
1829726,9571458,52.35935310649704,4.9132199407176405,1,false,"Amsterdam, Netherlands"
184666,823948,52.36823910513123,4.897995882561368,1,false,"Amsterdam, Netherlands"
1864726,9723327,52.36502873702563,4.9081834287585435,1,false,"Eindhoven, Netherlands"
1871729,9753892,52.354867965896965,4.913827054779875,1,false,
1871697,7213629,52.364797010258656,4.903777142784715,1,false,"Amsterdam, Netherlands"
1896081,9850918,52.352251548778476,4.91574345913946,1,false,"Amsterdam, Netherlands"
1895737,9302267,52.3536075082013,4.906519112640463,0,false,"Amsterdam, Netherlands"
1922229,9961834,52.37101982322165,4.902456739107612,1,false,"Amsterdam, Netherlands"
1912220,4167391,52.35774872790404,4.91248696508123,0,false,"Amsterdam, Netherlands"
1960678,10131510,52.373561295363494,4.897812603248784,1,false,"Amsterdam, Netherlands"
1986756,10248437,52.37337819696153,4.89775846502275,1,false,"Amsterdam, Netherlands"
1955126,10105784,52.36168549273914,4.911163668632552,1,false,"Amsterdam, Netherlands"
1991341,10253029,52.35536051383121,4.908519561284814,1,false,"Amsterdam, Netherlands"
2011601,10226170,52.355624362266454,4.909294637986946,1,false,"Amsterdam, Netherlands"
2059096,9957140,52.37124711201966,4.897480178125056,6,true,"Amsterdam, Netherlands"
2021675,1664548,52.362930656365975,4.907379087600966,1,true,"Amsterdam, Netherlands"
208976,1029506,52.35122675837101,4.917523057953864,2,false,"Amsterdam, Netherlands"
2080427,10628928,52.35230516246491,4.915069887079257,1,false,"Amsterdam, Netherlands"
2159904,10988515,52.37038147563019,4.899899429696447,1,false,"Amsterdam, Netherlands"
2213683,10940840,52.35901373026343,4.914242137491163,1,false,"Amsterdam, Netherlands"
2249674,10939432,52.36216171964595,4.905560541021763,1,false,"Amsterdam, Netherlands"
2275119,6999042,52.36401753311828,4.900231538400497,133,false,"Amsterdam, Netherlands"
2307039,6999042,52.35883366570912,4.913346781171834,133,false,"Amsterdam, Netherlands"
2394150,12230732,52.3720140190282,4.897862115948917,1,false,"Amsterdam, Netherlands"
2423338,7358637,52.35252196012598,4.9109775872533,1,false,"Amsterdam, Netherlands"
2414501,12342315,52.36526817875359,4.901350495103726,2,false,"Amsterdam, Netherlands"
2476314,10886830,52.35315901065324,4.91650627138922,1,false,"Amsterdam, Netherlands"
2428434,12412954,52.36773131994778,4.903854588071869,1,false,"Amsterdam, Netherlands"
2527472,5071241,52.359034004560144,4.913923243480722,2,false,"Amsterdam, Netherlands"
2478937,12679676,52.37254881649942,4.897604978026948,1,false,"Amsterdam, Netherlands"
2567099,2118982,52.36445910299259,4.908337584515644,1,false,"Amsterdam, Netherlands"
2580443,11507135,52.37281288271641,4.902220142219711,1,true,"Amsterdam, Netherlands"
2598862,10030473,52.35351192881672,4.916622063375374,1,false,"Amsterdam, Netherlands"
254104,1334704,52.36513246667161,4.908371799288464,1,false,"Amsterdam, Netherlands"
2698444,5157582,52.34953110676964,4.914740479592359,1,true,"Amsterdam, Netherlands"
260302,1365869,52.35219808493511,4.9100400327232885,1,true,"Amsterdam, Netherlands"
2719886,13861116,52.363095467103534,4.904713044851853,5,false,"Amsterdam, Netherlands"
2720061,13861116,52.36292046219855,4.904538473209695,5,false,"Amsterdam, Netherlands"
2728371,4394569,52.346607971158996,4.913084081751419,1,false,"Amsterdam, Netherlands"
2787645,1491426,52.342493604267496,4.915040301474044,2,false,"Amsterdam, Netherlands"
2827348,14464512,52.35354297219897,4.913366803868681,1,false,"Amsterdam, Netherlands"
2830788,5516496,52.35091301939595,4.912646757282798,1,true,"Amsterdam, Netherlands"
2845562,2391712,52.36275942047016,4.911489590589413,1,false,"Amsterdam, Netherlands"
2912309,6485357,52.35298389353063,4.907670668632414,1,true,"Amsterdam, Netherlands"
291752,1511330,52.35278647339952,4.912563881379626,1,true,"Amsterdam, Netherlands"
2961379,7103554,52.35269083971771,4.913074266541113,1,false,"Amsterdam, Netherlands"
2966887,10806317,52.357044677364435,4.91212629253989,1,false,"Amsterdam, Netherlands"
2972798,3389606,52.36441538211762,4.900877227301047,1,true,"Amsterdam, Netherlands"
2977908,15188830,52.37362050210616,4.900682414972791,1,false,
2985724,9605070,52.3571210591216,4.90750954756027,1,false,"Amsterdam, Netherlands"
2985952,1448980,52.35325459757409,4.911468280979591,1,false,"Amsterdam, Netherlands"
3023166,12856622,52.36087625629075,4.909811025474509,23,false,"Amsterdam, Netherlands"
3017962,4179993,52.352679384820824,4.911893104766296,1,false,"Amsterdam, Netherlands"
3035099,4009374,52.36850421176721,4.897364316361606,4,false,"Amsterdam, Netherlands"
3044166,359907,52.357235574879354,4.907036704760273,1,false,"Amsterdam, Netherlands"
30431,131462,52.36325836065926,4.908473002029119,4,true,"Amsterdam, Netherlands"
3090361,2398910,52.351759548075655,4.9115947526386465,1,false,"Amsterdam, Netherlands"
3068507,11839956,52.36304116343269,4.909077791135895,1,true,"Amsterdam, Netherlands"
3097805,1428095,52.35846550847737,4.912372667736132,3,false,"Amsterdam, Netherlands"
3099026,14626041,52.36421599023814,4.907679753616682,1,true,"Amsterdam, Netherlands"
3100075,15763094,52.36713700760853,4.897525999344916,1,true,"Amsterdam, Netherlands"
3107052,6316847,52.35784336197816,4.908651106344915,1,false,"Amsterdam, Netherlands"
3107750,8778234,52.36517405129953,4.907708344046317,2,true,"Amsterdam, Netherlands"
3145732,15553619,52.36518803265304,4.906281534408883,1,false,"Amsterdam, Netherlands"
3155756,2888590,52.3542963550329,4.912460100148915,1,true,"Amsterdam, Netherlands"
3171364,4239966,52.352846508907355,4.91551756561355,1,false,"Amsterdam, Netherlands"
3180371,16126732,52.361891313638296,4.9045758774534605,1,false,"Amsterdam, Netherlands"
3203283,3774941,52.36197645472426,4.90544747340859,1,false,"Amsterdam, Netherlands"
3232933,16363051,52.353069693424295,4.907642675111012,1,false,"Amsterdam, Netherlands"
3225605,14039696,52.355545916007195,4.906191202891774,1,false,"Amsterdam, Netherlands"
3298808,4260625,52.35210014987404,4.914702081128822,1,false,
3286293,16607835,52.36121817281507,4.909409267632155,1,true,"Amsterdam, Netherlands"
3290024,5012442,52.37299109341695,4.9009626128152215,1,false,"Amsterdam, Netherlands"
3348104,16896994,52.350206135632945,4.914566430005453,1,false,
3363201,16967442,52.34595819009242,4.921402398731884,1,false,"Amsterdam, Netherlands"
3374604,17026898,52.358987373763,4.906447445189144,1,true,"Amsterdam, Netherlands"
3406912,13419053,52.361880621584774,4.9094359452120875,1,true,"Amsterdam, Netherlands"
3378134,10178434,52.37152703186447,4.897809238381407,1,true,"Amsterdam, Netherlands"
342508,1221477,52.35092037783311,4.915145543186489,1,false,"Amsterdam, Netherlands"
3428947,16248339,52.353238121389296,4.917103240543548,1,true,"Amsterdam, Netherlands"
3444136,4738658,52.3474120985066,4.9144527175693105,1,false,"Amsterdam, Netherlands"
343094,1740785,52.35549014520654,4.908523996875966,2,true,"Amsterdam, Netherlands"
349208,1029506,52.351351900423715,4.917794286442699,2,false,"Amsterdam, Netherlands"
3450158,336950,52.37230610924092,4.897556865248489,5,true,"Amsterdam, Netherlands"
3489021,17568907,52.358255654086776,4.914060107517376,1,false,"Amsterdam, Netherlands"
3583322,16274382,52.357396700931716,4.90868054601071,3,false,"Amsterdam, Netherlands"
3589859,18085398,52.35412180781499,4.906827023138491,1,false,"Amsterdam, Netherlands"
3615059,13602459,52.34456404611737,4.915373484983652,1,false,"Amsterdam, Netherlands"
359298,1817922,52.36287380203569,4.910151984913147,4,false,"Amsterdam, Netherlands"
370870,1868839,52.36430151718033,4.905423277688137,1,false,"Amsterdam, Netherlands"
3650382,13944172,52.35613216971175,4.9082060741087865,1,false,"Amsterdam, Netherlands"
3722931,5061426,52.36357440990055,4.90851579106249,1,true,"Amsterdam, Netherlands"
3724193,19025205,52.362597639708525,4.911463728167259,1,false,"Amsterdam, Netherlands"
3745174,860335,52.3503699283008,4.912314040930678,1,true,"Amsterdam, Netherlands"
3754672,4979621,52.364314239033725,4.900166229056637,48,false,"Amsterdam, Netherlands"
3770176,9901234,52.35065514398663,4.912990618134157,1,false,"Amsterdam, Netherlands"
3770790,7113638,52.358096113766166,4.911747153827477,1,false,"Amsterdam, Netherlands"
3788889,19446569,52.353898954165835,4.90601775690572,1,false,"Amsterdam, Netherlands"
3796459,5647814,52.35150923438391,4.918785076462242,2,false,"Amsterdam, Netherlands"
3804362,19549435,52.363192156531866,4.908839992758213,1,false,"Amsterdam, Netherlands"
3805485,19554582,52.355971460855336,4.910866477475952,0,false,"Amsterdam, Netherlands"
3817247,14687463,52.36399313825518,4.907800464691689,1,false,
379885,1907015,52.35466251384658,4.907630215719822,2,false,"Amsterdam, Netherlands"
3818338,19554582,52.35568277688255,4.912839443803084,0,false,"Amsterdam, Netherlands"
3822857,19271441,52.357177501832375,4.908668011130917,1,false,"Amsterdam, Netherlands"
3824391,19673998,52.35684292166796,4.908726510794659,1,false,"Amsterdam, Netherlands"
3826300,19686413,52.356228113314586,4.907176990660766,1,true,"Amsterdam, Netherlands"
383182,1920154,52.364695120319944,4.907600212109949,2,true,"Amsterdam, Netherlands"
3840321,4994590,52.35889460689624,4.907738012993015,1,true,"Amsterdam, Netherlands"
3845840,7102103,52.35980167961055,4.913326053244484,1,false,"Amsterdam, Netherlands"
3858997,7715844,52.35851622966292,4.913399630203306,1,false,"Amsterdam, Netherlands"
3865907,19951401,52.35319519923032,4.912161992941505,1,false,"Amsterdam, Netherlands"
3986654,20663524,52.36011642555855,4.90342333705488,1,false,"Amsterdam, Netherlands"
398237,1980888,52.367485475956265,4.902017104371441,0,false,"Amsterdam, Netherlands"
4052229,18019413,52.36832052953352,4.902304770410198,1,false,"Amsterdam, Netherlands"
4012629,20804709,52.347791034197265,4.9172313964694006,1,false,
4054648,21027968,52.351815412546244,4.9148811560721875,1,false,"Amsterdam, Netherlands"
4076101,20887143,52.34937211905307,4.913947334867793,1,false,"Amsterdam, Netherlands"
4067262,18152128,52.36153273461088,4.906243853605219,1,false,"Amsterdam, Netherlands"
4119684,21371721,52.36210134163571,4.905578745508272,1,true,"Amsterdam, Netherlands"
4150731,21533878,52.34896871049869,4.913419786585244,1,false,"Amsterdam, Netherlands"
4130891,21431211,52.36091317600015,4.905781283953371,1,true,"Amsterdam, Netherlands"
4152711,14183886,52.35721749265178,4.907179566613708,23,false,"Amsterdam, Netherlands"
4169753,7981155,52.35778952374548,4.908086231488492,1,false,"Amsterdam, Netherlands"
4154383,12385737,52.364683267344596,4.900836182300174,2,false,"Amsterdam, Netherlands"
4184897,6999042,52.35492669067398,4.910449939813947,133,false,"Amsterdam, Netherlands"
4185357,8134502,52.36632408521697,4.9074460950370815,0,true,"Amsterdam, Netherlands"
419725,2087317,52.36677406237373,4.903735804964092,2,true,"Amsterdam, Netherlands"
4248769,22047244,52.37051361809155,4.9025500464625855,1,false,"Amsterdam, Netherlands"
4274534,22191129,52.36695985982922,4.902812517683267,2,false,"Amsterdam, Netherlands"
4294917,10668762,52.362033328452206,4.909155906714939,1,false,"Amsterdam, Netherlands"
4296384,22304063,52.353781073209966,4.9122513339837965,1,false,"Amsterdam, Netherlands"
4300022,5933288,52.35649657623937,4.912825768542918,1,true,"Amsterdam, Netherlands"
4339529,22529094,52.37132726226586,4.900176082604649,1,false,"Amsterdam, Netherlands"
4341765,22540576,52.352833338051106,4.907929044840035,1,false,"Amsterdam, Netherlands"
4386276,20294905,52.35253898661191,4.911827641246378,1,false,"Amsterdam, Netherlands"
4445818,540534,52.3539451260752,4.907044917267759,2,false,"Berlin, Germany"
4439824,23043145,52.35465769555906,4.9099818864606535,1,false,"Amsterdam, Netherlands"
4501558,5598500,52.36322104837592,4.907931687018889,2,false,"Amsterdam, Netherlands"
450767,2238440,52.37007373806571,4.901695876112567,3,false,"Amsterdam, Netherlands"
4515109,3430410,52.36468519130561,4.904136309641358,4,false,"Amsterdam, Netherlands"
4610966,21453001,52.37016179884682,4.900137579890765,1,false,"Amsterdam, Netherlands"
4634338,1266717,52.37131182632215,4.899930663271595,44,false,"Amsterdam, Netherlands"
4636051,16274382,52.35708912025238,4.907156302401975,3,false,"Amsterdam, Netherlands"
4650761,24064549,52.35182706669557,4.91193406937499,1,false,"Amsterdam, Netherlands"
466259,1907015,52.35643226560935,4.90674701940424,2,false,"Amsterdam, Netherlands"
4683879,6999042,52.357328860946225,4.908592688590046,133,false,"Amsterdam, Netherlands"
4693511,9436031,52.35008627482987,4.914006461651707,1,false,"Amsterdam, Netherlands"
4697335,4012772,52.356207563347574,4.909365310425997,1,false,"Amsterdam, Netherlands"
4696241,24279237,52.351414138164316,4.909383490764702,1,false,"Amsterdam, Netherlands"
4703041,24311597,52.36595544757186,4.905837354197436,1,false,"Amsterdam, Netherlands"
4731681,6239912,52.35187230433789,4.914132676667683,1,false,"Amsterdam, Netherlands"
4731857,6999042,52.35542500136198,4.907477061913293,133,false,"Amsterdam, Netherlands"
4737169,24455880,52.373172706434275,4.899467336799248,1,false,"Amsterdam, Netherlands"
4764819,12232781,52.36470576747289,4.905359493657312,2,false,"Amsterdam, Netherlands"
4775827,20800124,52.36321755165331,4.906643512031204,3,false,"Amsterdam, Netherlands"
4780575,17676093,52.36925119298095,4.899513888918474,1,false,"Amsterdam, Netherlands"
4843590,10392465,52.35406602604119,4.909683317736191,0,false,"Amsterdam, Netherlands"
480245,2378237,52.35408510547038,4.912887311384521,1,false,"Amsterdam, Netherlands"
4865992,20521588,52.358680395216524,4.914355115312135,5,false,"Amsterdam-Zuidoost, Netherlands"
4815481,19682935,52.373152798073356,4.898146018620114,1,false,"Amsterdam, Netherlands"
4872049,13895855,52.355698618748356,4.909101457326476,1,false,"Amsterdam, Netherlands"
4877509,25091624,52.36323441255847,4.905883419516046,1,false,"Amersfoort, Netherlands"
4879044,23686734,52.35713895416542,4.9133914995761305,1,false,"Amsterdam, Netherlands"
4898741,3356377,52.365575790408535,4.902317773267703,2,true,"Amsterdam, Netherlands"
4931145,25402431,52.35314792295683,4.91276373536476,1,false,"Amsterdam, Netherlands"
4943604,4719869,52.352334674360826,4.913333633298044,1,true,"Amsterdam, Netherlands"
4939811,5023084,52.355575808662266,4.909170176419966,1,false,"Amsterdam, Netherlands"
4991819,14568685,52.353326650132416,4.909925285613717,1,false,
4984754,18714681,52.37232633334287,4.900585759814252,11,false,Gibraltar
5000874,25788462,52.349109903134924,4.913571748252269,1,false,"Amsterdam, Netherlands"
5019539,4405684,52.350910399812456,4.9174774694095476,2,false,"Amsterdam, Netherlands"
5020280,4059485,52.35734631985708,4.912887429083368,1,false,"Amsterdam, Netherlands"
5028788,9807043,52.37387073743655,4.899157190217399,1,false,"Amsterdam, Netherlands"
5035499,2087317,52.36778709129318,4.897265416667673,2,true,"Amsterdam, Netherlands"
5058492,4405684,52.351511299633785,4.915805710597872,2,false,"Amsterdam, Netherlands"
5227941,5692062,52.37238188782071,4.901308571881642,2,false,"Amsterdam, Netherlands"
5072326,7664968,52.35957927836572,4.9109708748262735,1,false,"Amsterdam, Netherlands"
5207981,7793799,52.356850249850055,4.913909452368767,1,true,"Amsterdam, Netherlands"
5264430,10588669,52.350511767911115,4.912566672179491,1,false,"Amsterdam, Netherlands"
523747,2573038,52.359814489143275,4.9132096618865,1,false,"Amsterdam, Netherlands"
526212,2586468,52.35242453121606,4.912487075096694,2,false,"Amsterdam, Netherlands"
5273445,15658700,52.363092945801256,4.910534087753791,1,false,"Amsterdam, Netherlands"
5359619,4132419,52.36803798515664,4.900244338791799,2,false,"Amsterdam, Netherlands"
5334778,4132419,52.36836516845448,4.9006646553082245,2,false,"Amsterdam, Netherlands"
531668,2586026,52.36692174267716,4.900655625694688,2,false,"Amsterdam, Netherlands"
537387,2639811,52.361219733304836,4.911068794202139,1,false,"Amsterdam, Netherlands"
539036,82145,52.362658279952264,4.9097670789987475,3,false,"Amsterdam, Netherlands"
5374067,6986975,52.35569362591584,4.908114778833086,1,true,"Amsterdam, Netherlands"
5403390,19235713,52.36899966137841,4.899956549947607,1,false,"Amsterdam, Netherlands"
543790,2673467,52.36820253512293,4.900416157805782,2,true,"Amsterdam, Netherlands"
5448165,22191129,52.367460625729116,4.902868185525565,2,false,"Amsterdam, Netherlands"
5450788,19903496,52.369837640552696,4.901120717285026,1,false,"Amsterdam, Netherlands"
546221,2673467,52.36841818465173,4.901416200493575,2,true,"Amsterdam, Netherlands"
5504801,28551642,52.355964259911914,4.912443203821198,4,false,"Amsterdam, Netherlands"
5522306,27785675,52.37111080468356,4.898503345507817,1,false,"Amsterdam, Netherlands"
5517772,28551642,52.35493839847525,4.911987828075784,4,false,"Amsterdam, Netherlands"
5535165,27198009,52.34682206465407,4.911599831669028,1,false,"Amsterdam, Netherlands"
5544300,3892282,52.35466033915678,4.9136431961480564,1,false,"Amsterdam, Netherlands"
552300,1500854,52.35975194330469,4.911588292456861,1,false,"Amsterdam, Netherlands"
5547017,215655,52.373611771285525,4.898569679439648,1,true,"Amsterdam, Netherlands"
5577058,28551642,52.35797251303971,4.911297188166558,4,false,"Amsterdam, Netherlands"
5650276,14480324,52.3507482633573,4.918686289790707,1,false,"Amsterdam, Netherlands"
5646569,27948402,52.34747913810674,4.913840226416581,2,false,"Amsterdam, Netherlands"
5670415,29397978,52.34853991199349,4.918960614686233,2,true,"BelvÃ¨s, France"
5675874,4936643,52.37185509374626,4.898837966270002,1,false,"Amsterdam, Netherlands"
5710479,1266717,52.3569989771405,4.907142971035375,44,false,"Amsterdam, Netherlands"
568446,2797260,52.37225526912266,4.901909575459329,1,false,"Amsterdam, Netherlands"
5722615,16274382,52.35872010049509,4.909040099553797,3,false,"Amsterdam, Netherlands"
5725685,1764099,52.35199172899851,4.9136821907314445,1,false,"Amsterdam, Netherlands"
5741543,3649611,52.358359419893134,4.9124744478647555,1,false,"Amsterdam, Netherlands"
5742223,29782512,52.36707096631649,4.901829001480103,1,false,"Amsterdam, Netherlands"
575615,2831228,52.370759439856975,4.902947150324853,1,false,"Amsterdam, Netherlands"
5804225,13096927,52.37018650557126,4.900898770748404,1,true,"Amsterdam, Netherlands"
5773449,29939478,52.3536532020465,4.912269995157899,1,false,"Amsterdam, Netherlands"
57841,276068,52.37261369877911,4.899965145458993,1,false,"Amsterdam, Netherlands"
583512,1545992,52.35450512164723,4.91643689505265,3,false,"Amsterdam, Netherlands"
588477,2902429,52.36720203607034,4.902946093184371,1,false,"Amsterdam, Netherlands"
5892596,13763415,52.3621700804918,4.903927118792878,1,true,"Amsterdam, Netherlands"
5911716,3789946,52.36518667050691,4.907411247601699,1,false,"Amsterdam, Netherlands"
5856501,19203781,52.35031511497076,4.912321448449152,1,false,"Amsterdam, Netherlands"
5940213,11468114,52.36117454388113,4.906143223490686,1,false,"Amsterdam, Netherlands"
6010123,12378207,52.36177563398795,4.908615201218617,9,false,"Amsterdam, Netherlands"
6044090,10517686,52.35089860423445,4.913091005518109,1,false,"Amsterdam, Netherlands"
5971268,3356377,52.363539406553926,4.903418492824061,2,true,"Amsterdam, Netherlands"
6064397,31477181,52.364007554733966,4.901255820129979,1,false,"Amsterdam, Netherlands"
6081376,31566164,52.36783613176123,4.904006221550716,1,false,"Amsterdam, Netherlands"
6116739,31734565,52.372676355403065,4.898817186282621,1,true,"Amsterdam, Netherlands"
6163575,31975730,52.36905637765029,4.8994757078608,1,false,
588116,2901110,52.35045235319899,4.91614014872195,1,false,"Amsterdam, Netherlands"
6161412,31962602,52.36732293210661,4.901151721984516,1,false,"Amsterdam, Netherlands"
6194719,2314516,52.356600498381745,4.910624269560813,1,false,"Amsterdam, Netherlands"
623652,2980639,52.352771646676246,4.910312712822431,2,false,"Amsterdam, Netherlands"
6247670,12232781,52.364843827382096,4.905477186941626,2,false,"Amsterdam, Netherlands"
6253485,27549543,52.35879566133973,4.912207357178084,1,false,"Amsterdam, Netherlands"
5857466,13476825,52.355621869362494,4.910715467034549,7,true,"Amsterdam, Netherlands"
6266956,28820301,52.356370645200634,4.911582996828488,1,false,"Amsterdam, Netherlands"
6250516,435761,52.36465544837006,4.90194306279543,1,false,Netherlands
6282642,7015617,52.3582110768283,4.913065241018719,1,false,"Amsterdam, Netherlands"
6359921,33132277,52.360345170022356,4.906070257943149,2,false,"Amsterdam, Netherlands"
6097271,10755509,52.3512599232395,4.915255989372071,1,false,Netherlands
636439,329249,52.36785983659387,4.8977988962641605,9,false,"Amsterdam, Netherlands"
6375515,18993665,52.355941872558056,4.90921666031508,1,false,"Amsterdam, Netherlands"
6398676,33363973,52.372486034654244,4.902902169521778,1,false,"Amsterdam, Netherlands"
6390755,21761516,52.3507811711095,4.913176664967477,1,false,"Amsterdam, Netherlands"
6422527,33047779,52.356732521015196,4.90958841111724,1,false,"Amsterdam, Netherlands"
6432066,4027888,52.35920363772083,4.913793714934899,1,false,"Amsterdam, Netherlands"
645568,3233074,52.37190310515172,4.90147772619758,2,false,"Amsterdam, Netherlands"
645579,3233074,52.37198674528433,4.901997893383282,2,false,"Amsterdam, Netherlands"
647027,3243732,52.36253846768021,4.909377605439428,1,false,"Amsterdam, Netherlands"
6460761,1464510,52.35291352837975,4.908862983755892,107,false,"Amsterdam, Netherlands"
6564817,34040676,52.363070311147034,4.907316315199998,1,false,"Amsterdam, Netherlands"
6598084,4349277,52.3543421351887,4.909902471881357,1,false,"Amsterdam, Netherlands"
6633001,34718677,52.35055789178994,4.913497508314959,1,false,"Amsterdam, Netherlands"
6611755,15132717,52.35579503885155,4.909906967636613,1,false,"Amsterdam, Netherlands"
6629852,8778234,52.36642937745741,4.906143045264775,2,true,"Amsterdam, Netherlands"
6657872,34846770,52.352003082033896,4.914923824130833,1,false,"Amsterdam, Netherlands"
6665272,34889003,52.35017496512371,4.914447261945334,1,false,"Amsterdam, Netherlands"
6674167,34931117,52.357281955150064,4.907525104662337,1,false,"Amsterdam, Netherlands"
6711205,32856746,52.363716001303594,4.905484072383352,1,false,"Amsterdam, Netherlands"
6719945,18475957,52.35793607104882,4.9123761286045005,0,false,"Amsterdam, Netherlands"
6727057,4009011,52.35631951119053,4.909184002343137,1,false,"Amsterdam, Netherlands"
6748695,19255439,52.36358341848486,4.90856262182058,1,true,"Amsterdam, Netherlands"
6732624,16390988,52.35832048886339,4.913332151866369,1,false,"Amsterdam, Netherlands"
6786864,35481000,52.36963298075036,4.89813158599366,2,true,"Amsterdam, Netherlands"
679675,3459461,52.352133516692625,4.911097863847021,1,true,"Amsterdam, Netherlands"
6797163,17721346,52.35934225172051,4.912394022111671,1,false,"Amsterdam, Netherlands"
6819794,35712611,52.356420343535774,4.913260101255669,1,false,"Amsterdam, Netherlands"
679838,3460384,52.36710911695095,4.904484955706704,1,false,"Amsterdam, Netherlands"
6820216,14966256,52.356825789582665,4.907516894420304,1,false,"Amsterdam, Netherlands"
6833036,35468291,52.37385057352463,4.89939139449227,1,false,"Amsterdam, Netherlands"
6830226,35781271,52.3522612934767,4.911301686944687,1,false,
682461,1814252,52.3543745396296,4.909046249749965,1,false,"Amsterdam, Netherlands"
6876570,26453644,52.36521960043601,4.900348135108775,1,false,"Amsterdam, Netherlands"
6847575,13861116,52.36497085324021,4.902942021194231,5,false,"Amsterdam, Netherlands"
6890285,4979621,52.36464203249654,4.900632429266543,48,false,"Amsterdam, Netherlands"
6895957,36134001,52.345715804362165,4.912198769719868,2,false,"Amsterdam, Netherlands"
6917421,36255164,52.35445957135459,4.908906784576301,1,false,"Amsterdam, Netherlands"
6924423,36294675,52.35398861316975,4.908982087910161,1,false,"Amsterdam, Netherlands"
6924753,36296994,52.3733290281554,4.900307469253116,1,false,"Amsterdam, Netherlands"
6946234,6798280,52.350701311499684,4.912344445967688,1,false,"Amsterdam, Netherlands"
6971473,36553730,52.370716632917606,4.900873015298207,0,false,
7049011,27773253,52.349533259239145,4.912959414247302,1,false,"Amsterdam, Netherlands"
7007415,3441513,52.35176683678448,4.911528938709069,1,false,"Amsterdam, Netherlands"
694850,3556421,52.37305401776695,4.897405938005786,1,false,"Amsterdam, Netherlands"
7059787,37021868,52.35220105724951,4.917750703647169,1,false,"Amsterdam, Netherlands"
7082894,3430410,52.36455494252462,4.903707519798889,4,false,"Amsterdam, Netherlands"
7061230,8027754,52.36598229322297,4.907645295490773,1,true,"Amsterdam, Netherlands"
7138728,37386374,52.37304898550766,4.902186107453573,1,false,
7141052,4597180,52.361688641035805,4.911401841675178,1,false,"Amsterdam, Netherlands"
7176758,17829116,52.357265811337804,4.907187073050643,1,false,"Amsterdam, Netherlands"
7177835,6722118,52.35439931511269,4.910845740681517,1,false,"Amsterdam, Netherlands"
7179364,10726948,52.34995412240825,4.913018027521886,8,false,"Amsterdam, Netherlands"
7232023,35994211,52.35234611999918,4.9109829093646695,3,false,"Amsterdam, Netherlands"
719143,3703205,52.353373350478165,4.914871608983302,1,false,"Amsterdam, Netherlands"
7271405,13988783,52.36909485813173,4.899858785937497,3,false,"Amsterdam, Netherlands"
7271985,32522247,52.36488240719671,4.905478800913787,1,false,
7272639,13988783,52.36946390750794,4.898479698321821,3,false,"Amsterdam, Netherlands"
728713,3781782,52.36361846864377,4.9040221356500515,1,false,"Amsterdam, Netherlands"
7316463,23703363,52.37011703947627,4.905725524907206,1,false,"Amsterdam, Netherlands"
7335573,2015942,52.372648266567005,4.902824665255759,3,false,"Amsterdam, Netherlands"
7335745,2015942,52.37240928156463,4.9029796305827595,3,false,"Amsterdam, Netherlands"
7339309,3699058,52.36767644408711,4.898491930535642,1,false,"Amsterdam, Netherlands"
7352638,9044080,52.359778091096,4.912678278086374,1,true,"Amsterdam, Netherlands"
7426189,14897179,52.35814059344828,4.912286348777216,1,false,
740995,3846003,52.361226597365466,4.908824489592364,1,false,"Amsterdam, Netherlands"
7442668,38990542,52.358798085668724,4.908960360756861,1,false,"Amsterdam, Netherlands"
7432036,5005555,52.35646962404947,4.9094376108934465,1,true,"Amsterdam, Netherlands"
744574,3899684,52.37178088503252,4.9029184310687235,11,false,"Amsterdam, Netherlands"
744659,3518386,52.356181542291715,4.908445758814967,3,false,"Amsterdam, Netherlands"
7474662,39146647,52.36241979243241,4.909277629617862,2,false,"Amsterdam, Netherlands"
7475516,39146647,52.36194939106652,4.910774493657918,2,false,"Amsterdam, Netherlands"
7481989,13861116,52.36350829682628,4.9030882710489525,5,false,"Amsterdam, Netherlands"
7517241,39385829,52.36386961437299,4.90145921912112,1,false,"Amsterdam, Netherlands"
7607766,39899196,52.37234835638142,4.897854410131333,1,false,"Amsterdam, Netherlands"
7626758,5605819,52.35972373287129,4.9139261233527085,1,false,"Amsterdam, Netherlands"
758706,3997915,52.35590280455863,4.91180706878771,1,false,"Amsterdam, Netherlands"
7639378,39940109,52.35658740096718,4.91386963498484,2,false,"Amsterdam, Netherlands"
7642824,27320439,52.35854140845847,4.913644648817141,1,false,"Amsterdam, Netherlands"
7677976,2218016,52.36934093425754,4.901371775342068,1,false,
7669527,40257974,52.350943668174466,4.914053852594702,0,true,"Amsterdam, Netherlands"
7704803,2238440,52.364464757611735,4.903770117474053,3,false,"Amsterdam, Netherlands"
7757518,38833708,52.36130560844395,4.910701204512604,2,false,"Amsterdam, Netherlands"
7707475,37228351,52.35768269167309,4.9065316047915415,1,false,"Amsterdam, Netherlands"
775655,4091515,52.37111588880701,4.899458076937981,3,false,"Amsterdam, Netherlands"
7802556,41069310,52.368974570616174,4.90566968073595,2,false,"Amsterdam, Netherlands"
780873,4117053,52.35089385276861,4.913477285057435,1,true,"Amsterdam, Netherlands"
7838274,10655272,52.35045337732211,4.914070645450834,1,false,
785432,2586026,52.36841630135425,4.8990075037227285,2,false,"Amsterdam, Netherlands"
7892752,41609867,52.37356441680782,4.8995169888791565,1,false,
7898567,16406893,52.352521695557705,4.913426314827467,1,false,"Amsterdam, Netherlands"
7870568,4156586,52.35492416327935,4.909149090370735,1,false,"Amsterdam, Netherlands"
7896058,7923106,52.35576008913641,4.914173598778517,3,false,"Amsterdam, Netherlands"
7908579,41701522,52.372675815031954,4.897986612447106,2,false,"Amsterdam, Netherlands"
7899571,41642643,52.37028897586387,4.897918999920963,3,false,"Amsterdam, Netherlands"
7917482,41642643,52.3685609152976,4.897419547641289,3,false,"Amsterdam, Netherlands"
7918225,41642643,52.368625082305265,4.898316698764009,3,false,"Amsterdam, Netherlands"
7940959,41879375,52.36692726502409,4.9007298465257705,1,false,"Amsterdam, Netherlands"
7918810,288514,52.365623179099984,4.900611227057684,13,false,"Amsterdam, Netherlands"
7946620,33451543,52.36264640870561,4.91094609550238,1,false,"Amsterdam, Netherlands"
796176,4194050,52.36229540874652,4.911207238782627,1,false,"Amsterdam, Netherlands"
8030539,26524821,52.36518457148461,4.904443961264146,1,false,"Amsterdam, Netherlands"
805130,3438599,52.35499816912577,4.9094123535214305,1,false,"Amsterdam, Netherlands"
806603,4246014,52.372589088863165,4.900799400254616,1,false,"Amsterdam, Netherlands"
8161692,7581047,52.34606375834646,4.922761740010601,1,false,"Amsterdam, Netherlands"
8076843,4951625,52.35667920362533,4.912814662488268,2,false,"Amsterdam, Netherlands"
8189993,43200509,52.3726095434697,4.897854126146517,1,true,"Amsterdam, Netherlands"
8249380,30197365,52.35082182057299,4.9130457874789855,1,false,"Amsterdam, Netherlands"
8282138,2891843,52.35703316426875,4.9073715221032055,1,false,"Amsterdam, Netherlands"
8267774,41701522,52.371633171375315,4.898482201098305,2,false,"Amsterdam, Netherlands"
8324469,31669146,52.34730038596036,4.9118622171565125,1,false,"Amsterdam, Netherlands"
829703,3397926,52.37160080524444,4.902755996843759,1,false,"Amsterdam, Netherlands"
8375921,1927132,52.369925376527235,4.899641374370729,1,false,"Amsterdam, Netherlands"
8325874,27494830,52.355168357191864,4.913892252809162,1,false,"Amsterdam, Netherlands"
8413979,44318409,52.371001212919126,4.897575787447159,1,false,
8387840,44198393,52.36838637344536,4.904310939865356,1,false,"Amsterdam, Netherlands"
8444893,44461330,52.35238248677474,4.910920106432538,0,false,
8476191,3523157,52.3699766926639,4.901867115690495,1,false,"Amsterdam, Netherlands"
8416232,29036896,52.357323599715876,4.909437638658995,1,false,"Amsterdam, Netherlands"
8476685,44640007,52.371287232324505,4.8996015126968295,0,false,"Amsterdam, Netherlands"
8493721,44730279,52.3640584607765,4.908697309972845,1,false,
8483676,35994211,52.351138979918325,4.912277003669783,3,false,"Amsterdam, Netherlands"
8491307,44720337,52.35709207939722,4.913192210120521,1,false,
8519060,14504749,52.35749815728356,4.907498228384038,0,false,"Amsterdam, Netherlands"
8493822,22810817,52.36185753051235,4.909980354674435,0,false,"Amsterdam, Netherlands"
8501123,44764068,52.35566569354284,4.9105201586217095,1,false,"Amsterdam, Netherlands"
8525667,39940109,52.356425038816056,4.914061007191796,2,false,"Amsterdam, Netherlands"
8525725,44893668,52.3539136976431,4.9130362311711595,1,false,
8548664,45000567,52.372465152424724,4.901565661329826,1,false,"Amsterdam, Netherlands"
856231,4475783,52.356368346724835,4.913355773580737,2,true,"Amsterdam, Netherlands"
8568886,45096883,52.344250397985476,4.91289338969583,2,false,
8630603,288514,52.36380835357166,4.9020776619162305,13,false,"Amsterdam, Netherlands"
8573112,2895016,52.3541634758113,4.91066584652899,1,false,"Amsterdam, Netherlands"
8644656,32400196,52.363056729273104,4.905886013768719,1,false,"Amsterdam, Netherlands"
8645335,45445988,52.358698659320346,4.907477165508512,1,false,"Amsterdam, Netherlands"
8710938,21074433,52.371526041315484,4.900069738635627,1,false,"Amsterdam, Netherlands"
8728388,22857542,52.37036526851763,4.898567370699555,1,false,"Amsterdam, Netherlands"
8744580,3644637,52.35254373084715,4.919535616932364,1,false,"Amsterdam, Netherlands"
874688,4585922,52.35934670343423,4.913040854267394,1,false,"Amsterdam, Netherlands"
8777794,46012775,52.35969553762548,4.9140008907752994,2,false,"Amsterdam, Netherlands"
8754550,41708903,52.35038154358097,4.912187928818177,1,false,"Amsterdam, Netherlands"
8788403,46060395,52.35599807791677,4.914087718591371,1,false,"Amsterdam, Netherlands"
8789996,4172093,52.366330143195874,4.90316843219284,1,false,"Amsterdam, Netherlands"
8850544,5349668,52.35874885547015,4.9097066450788995,1,false,"Amsterdam, Netherlands"
8809230,45578519,52.350352900994714,4.913153460501473,1,false,"Amsterdam, Netherlands"
8857288,5021556,52.37193403848248,4.902058789031057,1,false,"Amsterdam, Netherlands"
8873233,46440965,52.35282506921202,4.910671954862289,1,false,"Amsterdam, Netherlands"
8878344,46460001,52.36226058516803,4.904550806881114,1,false,"Amsterdam, Netherlands"
8891983,46522961,52.36249482472627,4.906541076183298,1,false,
8910439,46605054,52.37110240040796,4.897932425687783,0,false,"Amsterdam, Netherlands"
8922079,36147017,52.36798598758286,4.905464377633867,2,false,"Amsterdam, Netherlands"
8930574,46695075,52.3572821125866,4.911697761130015,1,false,
892937,450453,52.37068254116736,4.898697524518248,2,false,"Amsterdam, Netherlands"
898310,4793520,52.359235439828744,4.913931230413626,1,false,"Amsterdam, Netherlands"
8998709,6783658,52.352545683901106,4.919328524652555,1,false,"Amsterdam, Netherlands"
9019783,10650470,52.35778943024598,4.910908398867264,1,false,
9003963,47021452,52.36526507202732,4.905493664574826,1,false,"Amsterdam, Netherlands"
9008662,47042354,52.35130244827493,4.918520349294657,1,false,"Amsterdam, Netherlands"
9037568,18933898,52.35649355969636,4.907805051548026,1,false,"Amsterdam, Netherlands"
9078916,10456257,52.358350871498935,4.912797002264773,1,false,"Amsterdam, Netherlands"
9083199,21596826,52.37322047834304,4.89743206087002,1,false,"Amsterdam, Netherlands"
9045210,10704602,52.3585762442457,4.91327224984714,1,false,Netherlands
9123805,47534178,52.3558937272594,4.909253289837857,1,false,
9121173,33586018,52.356502491633854,4.908887210096176,1,false,"Amsterdam, Netherlands"
9133692,39503636,52.358565457815125,4.910850404209289,1,false,"Amsterdam, Netherlands"
9131858,3325856,52.36953349904934,4.904901358128992,1,false,"Amsterdam, Netherlands"
9207034,47886326,52.36178548163001,4.906886101379889,1,false,"Amsterdam, Netherlands"
9161803,9850371,52.35930134049285,4.910006816907653,1,false,"Amsterdam, Netherlands"
9248355,41042925,52.372025442249644,4.899227756050149,10,false,"Florence, Italy"
9227303,3014623,52.368613519182574,4.8974355769934945,1,false,"Amsterdam, Netherlands"
9304620,27598518,52.356344934834105,4.9134848673372336,1,false,"Hilversum, Netherlands"
9249719,41042925,52.37219830694015,4.899528378698383,10,false,"Florence, Italy"
9272096,16768552,52.35355938052613,4.912789643787551,1,false,"Amsterdam, Netherlands"
9309340,6872520,52.354032937278184,4.913447400130722,1,false,"Amsterdam, Netherlands"
9321688,16805754,52.363842606907845,4.900885498900231,1,false,"Amsterdam, Netherlands"
9320410,43359318,52.35256568613909,4.915543976245507,1,false,"Amsterdam, Netherlands"
9343949,27948402,52.34684294790549,4.91380337568838,2,false,"Amsterdam, Netherlands"
9345262,34635248,52.34844862424628,4.913975726438772,1,false,"Amsterdam, Netherlands"
9380260,48664404,52.35263946561509,4.914346543040442,1,false,China
9437509,23749621,52.34585718630009,4.9116941635014975,1,false,"Amsterdam, Netherlands"
9450652,48971793,52.354662543823224,4.9101518458342435,1,false,"Amsterdam, Netherlands"
9448523,11969034,52.35345320432306,4.906695901925271,9,true,"Amsterdam, Netherlands"
9459937,2937484,52.35822428491876,4.909070177079158,1,false,"Amsterdam, Netherlands"
9462627,49035725,52.363048944692125,4.909387192705408,1,false,"Amsterdam, Netherlands"
9460389,13192638,52.354250625544,4.915582811938154,2,false,"Amsterdam, Netherlands"
9468617,5815014,52.352854056712715,4.913313912428423,1,false,"Amsterdam, Netherlands"
9470327,2238440,52.37011226036591,4.8973647704823975,3,false,"Amsterdam, Netherlands"
9470556,13192638,52.35438124030896,4.916602050278684,2,false,"Amsterdam, Netherlands"
9472412,49092712,52.349853413195795,4.914481332811159,1,false,
947542,5136130,52.35749540658046,4.912317008240498,1,false,"Amsterdam, Netherlands"
9503035,49249842,52.359340808308495,4.913613707278906,1,false,"Amsterdam, Netherlands"
9521414,15004548,52.35768668607201,4.91245618821639,1,false,"Amsterdam, Netherlands"
9485479,48703385,52.359995902335704,4.906043580777822,85,false,"Amsterdam, Netherlands"
9567676,23553667,52.35691804316968,4.907669077810395,2,false,"Amsterdam, Netherlands"
9523666,3327797,52.36396469235915,4.900720841920136,3,false,"Amsterdam, Netherlands"
9588219,49629206,52.34298322172754,4.915316560133724,1,false,"Amsterdam, Netherlands"
9569885,49543360,52.35595422788219,4.909085590213686,1,false,"Amsterdam, Netherlands"
9611073,13824848,52.37223193704198,4.899426187943015,1,false,"Amsterdam, Netherlands"
9629614,12835331,52.357143243965545,4.912834816631954,2,false,"Amsterdam, Netherlands"
9611992,49731913,52.359159107964445,4.912626252696391,1,false,"Amsterdam, Netherlands"
9612335,2339287,52.361737874822026,4.904016232638704,1,false,"Atlanta, GA"
9631557,788073,52.35428159021309,4.913174208512721,4,false,"Amsterdam, Netherlands"
963528,5250489,52.35975968526181,4.9116398420294125,1,false,"Amsterdam, Netherlands"
9650371,20280216,52.35717566055892,4.911177430625613,2,false,"Amsterdam, Netherlands"
9659991,4091515,52.369697801843614,4.89784334511327,3,false,"Amsterdam, Netherlands"
9664394,49945836,52.3541144774973,4.906631601244057,1,false,"Amsterdam, Netherlands"
9687879,25562293,52.363036903514356,4.906438521016099,2,false,"Amsterdam, Netherlands"
9675163,49991248,52.353485943398745,4.9103890309606415,1,false,"Amsterdam, Netherlands"
968724,4475783,52.35624072083185,4.911706615947814,2,true,"Amsterdam, Netherlands"
9691785,50055284,52.357914217011064,4.9098651717532755,1,false,"Amsterdam, Netherlands"
9705594,40999456,52.349683499225065,4.9174071181322185,2,false,"BogotÃ¡, Colombia"
9705451,1312133,52.3710331170075,4.899862692671946,1,false,"Amsterdam, Netherlands"
9721216,50177778,52.3696602411619,4.9033420974202215,1,false,
9734427,5023313,52.3730883636562,4.900214041750718,1,true,"Amsterdam, Netherlands"
9740799,1464510,52.36481099335489,4.900428013891151,107,false,"Amsterdam, Netherlands"
978043,5351733,52.37004001956414,4.903110249773284,1,false,"Amsterdam, Netherlands"
9802253,50508820,52.35794296120131,4.906883928960578,1,false,"Amsterdam, Netherlands"
9840461,17957337,52.372130330639656,4.899411241496985,1,false,
98558,26919,52.36959599419569,4.899069357966926,1,false,"Amsterdam, Netherlands"
9869893,21195863,52.352085773182424,4.917758720817933,0,false,"Amsterdam, Netherlands"
9874514,1266717,52.36422484724428,4.902214761648343,44,false,"Amsterdam, Netherlands"
9971950,3036113,52.35496856141315,4.909243716873615,1,false,
9917690,48703385,52.37383347497737,4.9027042951154245,85,false,"Amsterdam, Netherlands"
9963306,2109220,52.369762042592015,4.9044869283191215,2,false,"Amsterdam, Netherlands"
9983460,4168597,52.35725087634281,4.9140213216039355,1,false,"Amsterdam, Netherlands"
